"","TP53","KRAS","BRAF","NRAS","APC","PIK3CA","EGFR","ERBB2"
"ACH-000001",1,0,0,0,0,0,0,0
"ACH-000002",0,0,0,1,0,0,0,0
"ACH-000003",1,0,0,0,1,0,0,0
"ACH-000004",1,0,0,0,0,0,0,0
"ACH-000005",1,0,0,0,0,0,0,0
"ACH-000006",1,0,0,0,0,0,0,0
"ACH-000007",0,1,0,0,0,0,0,0
"ACH-000008",0,0,1,0,0,0,0,0
"ACH-000009",1,0,0,0,1,0,0,0
"ACH-000010",1,0,0,0,0,0,0,0
"ACH-000011",0,0,0,0,0,1,0,0
"ACH-000012",1,0,0,0,0,0,1,0
"ACH-000013",1,0,0,0,0,0,0,0
"ACH-000014",1,0,1,0,0,0,0,0
"ACH-000015",1,0,0,0,0,0,0,0
"ACH-000016",0,0,0,0,0,0,0,0
"ACH-000017",1,0,0,0,0,0,0,0
"ACH-000018",1,0,0,0,0,0,0,0
"ACH-000019",0,0,0,0,0,1,0,0
"ACH-000020",0,0,0,0,0,0,0,0
"ACH-000021",1,0,0,0,0,0,0,0
"ACH-000022",1,1,0,0,0,0,0,0
"ACH-000023",1,1,0,0,0,0,0,0
"ACH-000024",1,0,0,0,0,0,0,0
"ACH-000025",0,0,0,1,0,0,0,0
"ACH-000026",0,0,0,0,0,1,0,0
"ACH-000027",0,0,0,0,0,0,0,0
"ACH-000028",0,0,0,0,0,1,0,0
"ACH-000029",1,0,0,0,0,0,1,0
"ACH-000030",1,0,0,0,0,0,1,0
"ACH-000031",1,1,0,0,0,0,0,0
"ACH-000032",0,0,0,0,0,0,0,0
"ACH-000033",1,0,0,0,0,0,0,0
"ACH-000034",0,0,0,1,0,0,0,0
"ACH-000035",1,0,0,0,0,0,1,0
"ACH-000036",0,0,0,0,0,0,0,0
"ACH-000037",1,0,0,0,0,0,0,0
"ACH-000038",0,0,0,0,0,0,0,0
"ACH-000039",0,0,0,0,0,0,0,0
"ACH-000040",1,0,0,0,0,0,0,0
"ACH-000041",1,0,0,0,0,0,0,0
"ACH-000042",1,1,0,0,0,0,0,0
"ACH-000043",0,0,0,0,0,0,0,0
"ACH-000044",0,0,0,0,0,0,0,0
"ACH-000045",0,0,0,0,0,0,0,0
"ACH-000046",0,0,0,0,0,0,0,0
"ACH-000047",1,0,0,0,0,0,0,0
"ACH-000048",1,0,0,0,0,0,0,0
"ACH-000050",0,0,0,1,0,0,0,0
"ACH-000051",0,0,0,0,0,0,0,0
"ACH-000052",1,0,1,0,0,0,0,0
"ACH-000053",1,0,0,0,0,0,0,0
"ACH-000054",0,0,0,1,0,0,0,0
"ACH-000055",1,0,0,0,0,0,0,0
"ACH-000056",0,0,0,0,0,0,0,0
"ACH-000057",1,0,0,0,0,0,0,0
"ACH-000058",1,0,0,0,0,0,0,0
"ACH-000059",0,0,0,0,0,0,0,0
"ACH-000060",1,1,0,0,0,0,0,0
"ACH-000061",1,0,0,0,0,0,0,0
"ACH-000062",1,0,0,0,0,0,0,0
"ACH-000063",0,0,0,0,0,0,0,0
"ACH-000064",0,0,0,0,0,0,0,0
"ACH-000065",0,0,0,0,0,0,0,0
"ACH-000066",1,0,0,0,0,0,1,0
"ACH-000067",1,0,0,0,0,0,1,0
"ACH-000068",1,0,0,0,0,0,0,0
"ACH-000069",0,0,0,0,0,0,0,0
"ACH-000070",0,0,0,1,0,0,0,0
"ACH-000071",0,0,0,0,0,0,0,0
"ACH-000072",1,0,0,0,0,0,0,0
"ACH-000073",0,0,0,0,0,0,0,0
"ACH-000074",1,0,0,0,0,0,0,0
"ACH-000075",0,0,0,0,0,0,0,0
"ACH-000076",1,0,0,0,0,0,0,0
"ACH-000077",0,0,0,0,0,0,0,0
"ACH-000079",1,0,0,0,0,0,0,0
"ACH-000080",0,0,0,0,0,0,0,0
"ACH-000081",0,0,0,0,0,0,0,0
"ACH-000082",1,0,0,0,0,0,0,0
"ACH-000083",0,0,0,0,0,0,0,0
"ACH-000084",0,1,0,0,0,0,0,0
"ACH-000085",1,1,0,0,0,0,0,0
"ACH-000086",0,0,0,0,0,0,0,0
"ACH-000087",1,0,0,0,0,0,0,0
"ACH-000088",0,0,0,0,0,0,0,0
"ACH-000089",1,1,0,0,0,0,0,0
"ACH-000090",1,0,0,0,0,0,0,0
"ACH-000091",1,1,0,0,0,0,0,0
"ACH-000092",0,0,0,0,0,0,0,0
"ACH-000093",0,1,0,0,0,0,0,0
"ACH-000094",1,1,0,0,0,0,0,0
"ACH-000095",0,0,0,0,0,0,0,0
"ACH-000096",1,0,0,0,0,0,0,0
"ACH-000097",0,0,0,0,0,0,0,0
"ACH-000098",1,0,0,0,0,0,0,0
"ACH-000099",0,0,0,0,0,0,0,0
"ACH-000100",1,0,0,0,0,0,0,0
"ACH-000101",1,0,0,1,0,0,0,0
"ACH-000102",1,0,0,0,0,0,0,0
"ACH-000103",1,0,0,0,0,0,0,0
"ACH-000104",1,0,0,0,0,0,0,0
"ACH-000105",0,0,0,0,0,0,0,0
"ACH-000106",0,0,0,0,0,0,0,0
"ACH-000107",1,1,0,0,0,0,0,0
"ACH-000108",1,1,0,0,0,0,0,0
"ACH-000109",1,0,0,0,0,0,1,0
"ACH-000110",1,0,0,0,0,0,0,0
"ACH-000111",1,0,0,0,0,0,0,0
"ACH-000112",0,0,1,0,0,0,0,0
"ACH-000113",0,0,0,0,0,0,0,0
"ACH-000114",1,1,0,0,0,0,0,0
"ACH-000115",1,0,0,0,0,0,0,0
"ACH-000116",1,0,0,0,0,0,0,0
"ACH-000117",1,0,0,0,0,1,0,0
"ACH-000118",1,1,0,0,0,0,0,0
"ACH-000120",0,0,0,1,0,0,0,0
"ACH-000121",1,0,0,0,0,0,0,0
"ACH-000122",1,0,0,0,0,0,0,0
"ACH-000123",0,0,0,0,0,0,0,0
"ACH-000124",0,0,0,1,0,0,0,0
"ACH-000126",0,0,1,0,0,0,0,0
"ACH-000127",1,0,0,0,0,0,0,0
"ACH-000128",1,0,0,0,0,0,0,0
"ACH-000129",0,0,0,0,0,1,0,0
"ACH-000130",0,0,0,0,0,0,0,0
"ACH-000131",0,0,0,0,0,0,0,0
"ACH-000132",1,0,0,0,0,0,0,0
"ACH-000133",1,0,0,0,0,0,0,0
"ACH-000134",0,0,0,0,0,0,0,0
"ACH-000135",1,0,0,1,0,0,0,0
"ACH-000136",0,0,0,0,0,0,0,0
"ACH-000137",1,0,0,0,0,0,0,0
"ACH-000138",1,1,0,0,0,0,0,0
"ACH-000139",0,1,0,0,0,0,0,0
"ACH-000140",0,0,0,0,1,0,0,0
"ACH-000141",1,0,0,0,0,0,0,0
"ACH-000142",1,0,0,0,0,1,0,0
"ACH-000143",1,0,0,0,0,0,0,0
"ACH-000144",1,0,0,0,0,0,0,0
"ACH-000145",1,0,0,0,0,0,0,0
"ACH-000146",1,0,0,1,0,0,0,0
"ACH-000147",1,0,0,0,0,1,0,0
"ACH-000148",1,0,0,0,0,0,0,0
"ACH-000149",0,0,0,1,0,0,0,0
"ACH-000150",1,0,0,0,1,0,1,0
"ACH-000151",0,0,0,0,0,0,0,0
"ACH-000152",1,0,0,0,0,0,0,0
"ACH-000153",0,0,0,0,0,0,0,0
"ACH-000154",0,0,0,0,0,0,0,0
"ACH-000155",1,1,0,0,0,0,0,0
"ACH-000156",0,0,0,0,0,0,0,0
"ACH-000157",1,0,0,0,0,0,0,0
"ACH-000158",0,0,0,0,0,0,0,0
"ACH-000159",0,0,0,0,0,0,0,0
"ACH-000160",0,0,0,0,0,0,0,0
"ACH-000161",0,0,0,0,0,0,0,0
"ACH-000162",1,0,0,1,0,0,0,0
"ACH-000163",1,0,0,0,0,0,0,0
"ACH-000164",1,1,0,0,0,0,0,0
"ACH-000165",0,0,0,0,0,0,0,0
"ACH-000166",1,0,0,0,0,0,0,0
"ACH-000167",0,0,0,0,0,0,0,0
"ACH-000168",1,1,0,0,0,0,0,0
"ACH-000169",1,0,0,1,0,0,0,0
"ACH-000171",1,0,0,0,0,0,0,0
"ACH-000173",1,1,0,0,0,0,0,0
"ACH-000174",1,1,0,0,0,0,0,0
"ACH-000175",1,0,0,0,0,0,0,0
"ACH-000176",1,0,0,0,0,1,1,0
"ACH-000177",0,0,0,0,0,0,0,0
"ACH-000178",0,1,0,0,0,0,0,0
"ACH-000179",1,0,0,0,0,0,0,0
"ACH-000180",1,0,0,0,0,0,0,0
"ACH-000181",0,0,0,0,0,0,0,0
"ACH-000182",0,1,0,0,0,1,0,0
"ACH-000183",1,0,0,1,0,1,0,0
"ACH-000184",0,0,0,0,0,0,0,0
"ACH-000185",0,0,0,0,0,0,0,0
"ACH-000186",1,1,0,0,0,0,0,0
"ACH-000187",1,0,0,0,0,0,0,0
"ACH-000188",1,0,0,0,0,0,0,0
"ACH-000189",0,0,0,0,0,0,0,0
"ACH-000190",1,0,0,1,0,0,0,0
"ACH-000191",1,0,1,0,0,0,0,0
"ACH-000192",1,0,0,0,0,1,0,0
"ACH-000193",1,1,0,0,0,0,0,0
"ACH-000195",1,0,0,0,0,0,0,0
"ACH-000196",1,0,0,0,0,0,0,0
"ACH-000197",1,0,0,1,0,0,0,0
"ACH-000198",0,0,0,0,0,0,0,0
"ACH-000199",0,0,0,0,0,0,0,0
"ACH-000200",0,0,1,0,0,0,0,0
"ACH-000201",0,0,0,0,0,0,0,0
"ACH-000202",1,0,0,0,0,0,0,0
"ACH-000203",0,0,0,0,0,0,0,0
"ACH-000204",1,0,0,0,0,0,0,0
"ACH-000205",0,1,0,0,0,0,0,0
"ACH-000206",0,0,0,1,0,0,0,0
"ACH-000207",1,0,0,0,0,1,0,0
"ACH-000208",1,0,0,0,0,0,0,0
"ACH-000209",0,0,0,0,0,0,0,0
"ACH-000210",0,0,0,0,0,0,0,0
"ACH-000211",1,0,0,0,0,0,0,0
"ACH-000212",1,0,0,0,0,0,0,0
"ACH-000213",1,1,0,0,0,0,0,0
"ACH-000214",0,0,0,0,0,0,0,0
"ACH-000215",1,0,0,0,0,0,0,0
"ACH-000216",1,0,0,0,0,0,0,0
"ACH-000217",1,0,0,0,0,0,0,0
"ACH-000218",0,1,0,0,0,0,0,0
"ACH-000219",0,0,1,0,0,0,0,0
"ACH-000220",1,0,0,1,0,0,0,0
"ACH-000221",1,0,0,0,0,0,0,0
"ACH-000222",1,1,0,0,0,0,0,0
"ACH-000223",1,0,0,0,0,0,0,0
"ACH-000224",0,0,0,0,0,0,0,0
"ACH-000225",1,0,0,0,0,0,0,0
"ACH-000226",0,0,0,0,0,0,0,0
"ACH-000227",0,0,0,0,0,0,0,0
"ACH-000228",1,0,0,0,0,0,0,0
"ACH-000229",0,0,0,0,0,0,0,0
"ACH-000230",0,0,0,0,0,0,0,0
"ACH-000231",1,0,0,0,0,0,0,0
"ACH-000232",1,0,0,0,0,0,0,0
"ACH-000233",1,0,0,0,0,0,0,0
"ACH-000234",0,0,0,0,0,0,0,0
"ACH-000235",1,1,0,0,1,0,0,0
"ACH-000236",1,0,1,0,1,0,0,0
"ACH-000237",1,0,0,0,0,0,0,0
"ACH-000238",1,0,0,0,0,0,0,0
"ACH-000239",1,0,0,0,0,0,0,0
"ACH-000240",0,0,0,0,0,0,0,0
"ACH-000241",0,0,0,0,0,0,0,0
"ACH-000242",0,0,0,0,0,0,0,0
"ACH-000243",1,1,0,0,0,0,0,0
"ACH-000244",0,0,0,0,0,1,0,0
"ACH-000245",1,0,0,0,0,0,0,0
"ACH-000246",1,0,0,0,0,0,0,0
"ACH-000247",1,0,0,0,0,0,0,0
"ACH-000248",1,0,0,0,0,0,0,0
"ACH-000249",1,1,0,0,1,0,0,0
"ACH-000250",1,0,0,0,0,0,0,0
"ACH-000251",1,1,0,0,0,0,0,0
"ACH-000252",1,1,0,0,0,0,0,0
"ACH-000253",0,0,1,0,1,0,0,0
"ACH-000254",1,0,0,0,0,0,0,0
"ACH-000255",1,0,0,0,0,0,0,0
"ACH-000256",1,0,0,0,0,0,0,0
"ACH-000257",1,0,0,0,0,0,0,0
"ACH-000258",0,0,1,0,1,0,0,0
"ACH-000259",1,0,0,0,0,0,0,0
"ACH-000260",0,0,0,1,0,0,0,0
"ACH-000261",1,0,0,0,0,0,0,0
"ACH-000262",0,0,0,0,0,0,0,0
"ACH-000263",1,0,0,0,0,0,0,0
"ACH-000264",1,1,0,0,0,0,0,0
"ACH-000265",0,1,0,0,0,0,0,0
"ACH-000266",1,1,0,0,0,0,0,0
"ACH-000267",0,0,0,0,0,0,0,0
"ACH-000268",1,0,0,0,0,0,0,0
"ACH-000269",0,0,1,0,0,0,0,0
"ACH-000270",1,1,0,0,0,0,0,0
"ACH-000271",1,0,0,0,0,0,0,0
"ACH-000272",0,0,0,0,0,0,0,0
"ACH-000273",1,0,0,0,0,0,0,0
"ACH-000274",0,0,0,1,0,0,0,0
"ACH-000275",0,0,0,0,0,0,0,0
"ACH-000276",1,0,0,0,0,0,0,0
"ACH-000277",1,0,0,0,0,0,0,0
"ACH-000278",1,0,0,0,1,0,0,0
"ACH-000279",1,0,0,0,0,0,0,0
"ACH-000280",0,0,0,0,0,1,0,0
"ACH-000281",1,1,0,0,0,0,0,0
"ACH-000282",1,0,1,0,0,0,0,0
"ACH-000283",0,0,1,0,0,0,0,0
"ACH-000284",0,0,0,0,0,0,0,0
"ACH-000285",1,1,0,0,0,0,0,0
"ACH-000286",1,1,0,0,0,0,0,0
"ACH-000287",1,0,0,0,0,0,0,0
"ACH-000288",1,0,0,0,0,0,0,0
"ACH-000289",0,0,0,0,0,0,0,0
"ACH-000290",1,0,0,0,0,0,0,0
"ACH-000291",1,0,1,0,0,0,0,0
"ACH-000292",1,0,0,0,0,0,0,0
"ACH-000293",1,0,0,0,0,0,0,0
"ACH-000294",1,0,0,0,0,0,0,0
"ACH-000295",1,0,0,0,0,0,0,0
"ACH-000296",1,0,1,0,1,0,0,0
"ACH-000297",1,0,0,0,0,0,0,0
"ACH-000298",1,0,0,0,0,0,0,0
"ACH-000299",0,0,0,0,0,0,0,0
"ACH-000300",1,0,0,0,0,0,0,0
"ACH-000301",1,0,0,0,0,0,0,0
"ACH-000302",1,0,0,0,0,0,0,0
"ACH-000303",1,0,0,0,0,0,0,0
"ACH-000304",0,0,1,0,0,0,0,0
"ACH-000305",1,0,0,0,0,0,0,0
"ACH-000307",1,1,0,0,0,0,0,0
"ACH-000308",1,0,0,0,0,0,0,0
"ACH-000309",1,1,0,0,0,0,0,0
"ACH-000310",0,0,0,0,0,0,0,0
"ACH-000311",1,1,0,0,0,0,0,0
"ACH-000312",1,0,0,0,0,0,0,0
"ACH-000313",0,0,0,0,0,0,0,0
"ACH-000314",1,1,0,0,0,0,0,0
"ACH-000315",1,0,0,0,0,0,0,0
"ACH-000316",1,0,0,0,0,0,0,0
"ACH-000317",0,0,0,0,0,0,0,1
"ACH-000318",1,0,0,0,0,0,0,0
"ACH-000319",0,0,0,0,0,0,0,0
"ACH-000320",1,1,0,0,0,0,0,0
"ACH-000321",1,0,0,0,0,0,0,0
"ACH-000322",0,0,1,0,0,0,0,0
"ACH-000323",1,0,0,0,0,0,0,0
"ACH-000324",0,0,0,0,0,0,0,0
"ACH-000325",0,0,0,0,0,0,0,0
"ACH-000326",1,0,0,0,0,0,0,0
"ACH-000327",0,0,1,0,0,0,0,0
"ACH-000328",1,0,0,0,0,0,0,0
"ACH-000329",0,0,0,0,0,0,0,0
"ACH-000330",1,0,0,0,0,1,0,0
"ACH-000331",1,0,0,0,0,0,0,0
"ACH-000332",1,1,0,0,0,0,0,0
"ACH-000333",1,0,1,0,0,0,0,0
"ACH-000334",1,0,0,0,0,0,0,0
"ACH-000335",0,0,0,0,0,0,0,0
"ACH-000336",0,0,0,1,0,0,0,0
"ACH-000337",1,0,0,0,0,0,0,0
"ACH-000338",1,0,0,0,0,0,0,0
"ACH-000339",1,1,0,0,0,0,0,0
"ACH-000340",1,0,0,0,0,0,0,0
"ACH-000341",1,0,0,0,0,0,0,0
"ACH-000342",1,0,0,0,0,0,0,0
"ACH-000343",1,0,0,0,0,0,0,0
"ACH-000344",1,1,0,0,0,0,0,0
"ACH-000345",0,0,0,0,0,0,0,0
"ACH-000346",0,0,1,0,0,0,0,0
"ACH-000347",1,1,0,0,1,0,0,0
"ACH-000348",1,0,1,0,0,0,0,0
"ACH-000349",0,0,0,0,0,0,0,0
"ACH-000350",0,1,0,0,1,0,0,0
"ACH-000351",1,0,0,0,0,1,0,0
"ACH-000352",0,0,0,0,0,0,0,0
"ACH-000353",1,0,0,0,0,0,0,0
"ACH-000354",1,1,0,0,0,0,0,0
"ACH-000355",1,0,0,0,0,0,0,0
"ACH-000356",1,0,0,0,0,0,0,0
"ACH-000357",1,0,0,0,0,0,0,0
"ACH-000358",1,0,0,0,0,1,0,0
"ACH-000359",0,0,0,0,0,0,0,0
"ACH-000360",1,0,0,0,0,1,0,0
"ACH-000361",0,0,1,0,0,0,0,0
"ACH-000362",0,0,0,0,0,0,0,0
"ACH-000363",1,0,0,0,0,0,0,0
"ACH-000364",0,0,0,0,0,0,0,0
"ACH-000365",1,0,0,0,0,0,0,0
"ACH-000366",1,0,0,0,0,0,0,0
"ACH-000367",0,0,0,0,0,0,0,0
"ACH-000368",1,0,0,0,0,0,0,0
"ACH-000369",1,0,0,0,0,0,0,0
"ACH-000370",1,0,0,0,0,0,0,0
"ACH-000371",1,0,0,0,0,0,0,0
"ACH-000372",1,0,0,1,0,0,0,0
"ACH-000373",1,1,0,0,0,0,0,0
"ACH-000374",1,0,0,0,0,0,0,0
"ACH-000375",0,0,0,0,0,0,0,0
"ACH-000376",1,0,0,0,0,0,0,0
"ACH-000377",1,0,0,0,0,0,0,0
"ACH-000378",1,1,0,0,0,0,0,0
"ACH-000379",1,0,0,0,0,0,0,1
"ACH-000380",1,0,0,0,0,0,0,0
"ACH-000381",1,1,0,0,1,1,0,0
"ACH-000382",1,0,0,0,1,0,0,0
"ACH-000383",1,0,0,0,0,0,0,0
"ACH-000384",0,0,0,0,0,0,0,0
"ACH-000385",0,0,0,0,0,0,0,0
"ACH-000386",1,0,0,0,0,0,0,0
"ACH-000387",1,0,0,1,0,0,0,0
"ACH-000388",1,1,0,0,0,0,0,0
"ACH-000389",0,0,0,0,0,0,0,0
"ACH-000390",1,0,0,0,0,0,0,0
"ACH-000391",1,0,0,0,0,0,0,0
"ACH-000392",1,0,0,0,0,0,0,0
"ACH-000393",1,0,0,0,0,0,0,0
"ACH-000394",0,0,0,0,0,0,0,0
"ACH-000395",1,0,0,0,0,0,0,0
"ACH-000396",1,0,0,0,0,0,0,1
"ACH-000397",1,0,0,0,0,1,0,0
"ACH-000398",1,0,0,0,0,0,0,0
"ACH-000399",1,0,0,0,0,0,0,0
"ACH-000400",0,1,0,0,0,0,0,0
"ACH-000401",1,0,1,0,0,0,0,0
"ACH-000402",1,0,0,0,0,0,0,0
"ACH-000403",1,1,0,0,1,0,0,0
"ACH-000404",0,0,1,0,0,0,0,0
"ACH-000405",1,0,0,0,0,0,0,0
"ACH-000406",1,0,0,0,0,0,0,0
"ACH-000407",1,0,0,0,0,0,0,0
"ACH-000408",1,0,0,0,0,1,0,0
"ACH-000409",1,0,0,0,0,0,0,0
"ACH-000410",0,0,0,0,0,0,0,0
"ACH-000411",0,0,0,0,0,0,0,0
"ACH-000412",1,1,0,0,1,0,0,0
"ACH-000413",0,0,0,0,0,0,0,0
"ACH-000414",0,1,0,0,0,0,0,0
"ACH-000415",1,0,0,0,0,0,0,0
"ACH-000416",1,0,0,0,0,0,0,0
"ACH-000417",0,1,0,0,0,0,0,0
"ACH-000418",1,0,0,0,0,0,0,0
"ACH-000419",1,1,0,0,0,0,0,0
"ACH-000420",1,0,0,0,0,0,0,0
"ACH-000421",1,1,0,0,1,0,0,0
"ACH-000422",1,0,0,0,0,0,0,0
"ACH-000423",1,0,1,0,0,0,0,0
"ACH-000424",1,0,0,0,0,0,0,0
"ACH-000425",0,0,1,0,0,0,0,0
"ACH-000426",1,1,0,0,0,0,0,0
"ACH-000427",1,0,0,0,0,0,0,0
"ACH-000428",0,0,0,0,0,0,0,0
"ACH-000429",1,0,0,0,0,0,0,0
"ACH-000430",1,0,0,1,0,0,0,0
"ACH-000431",1,0,0,0,0,0,0,0
"ACH-000432",0,0,0,0,0,0,0,0
"ACH-000433",0,0,0,0,0,0,0,0
"ACH-000434",1,0,0,0,0,0,0,0
"ACH-000435",1,0,0,0,0,0,0,0
"ACH-000436",0,0,0,1,0,0,0,0
"ACH-000437",1,0,0,1,0,0,0,0
"ACH-000438",1,1,0,0,0,0,0,0
"ACH-000439",0,0,0,1,0,0,0,0
"ACH-000440",1,0,0,0,0,0,0,0
"ACH-000441",0,0,1,0,0,0,0,0
"ACH-000442",0,0,0,0,0,1,0,0
"ACH-000443",1,0,0,0,0,0,0,0
"ACH-000444",0,1,0,0,0,1,0,0
"ACH-000445",1,0,0,0,0,0,0,0
"ACH-000446",0,1,0,0,0,0,0,0
"ACH-000447",1,0,0,0,0,0,0,0
"ACH-000448",0,0,1,0,0,0,0,0
"ACH-000449",0,0,0,0,0,0,0,0
"ACH-000450",0,0,1,0,0,0,0,0
"ACH-000451",1,0,0,0,0,0,0,0
"ACH-000452",1,0,0,0,0,0,0,0
"ACH-000453",1,0,0,0,0,0,0,0
"ACH-000454",0,0,0,0,0,0,0,0
"ACH-000455",1,0,0,0,0,0,0,0
"ACH-000456",1,0,1,0,0,0,0,0
"ACH-000457",0,0,0,0,0,0,0,0
"ACH-000458",1,0,0,0,0,0,0,0
"ACH-000459",0,0,0,0,0,0,0,0
"ACH-000460",1,1,0,0,0,0,0,0
"ACH-000461",1,0,0,0,0,0,0,0
"ACH-000462",0,0,0,0,0,0,0,0
"ACH-000463",0,1,0,0,0,1,0,0
"ACH-000464",1,0,0,0,0,0,0,0
"ACH-000465",0,0,1,0,0,0,0,0
"ACH-000466",1,0,0,0,0,0,0,0
"ACH-000467",1,1,0,0,0,0,0,0
"ACH-000468",0,1,0,0,0,0,0,0
"ACH-000469",1,0,0,0,0,1,0,0
"ACH-000470",1,1,0,0,0,0,0,0
"ACH-000471",0,0,0,0,0,0,0,0
"ACH-000472",1,0,0,0,0,1,0,0
"ACH-000473",1,0,0,0,0,1,0,0
"ACH-000475",1,0,0,0,0,0,0,0
"ACH-000476",1,0,0,0,0,0,0,0
"ACH-000477",0,0,1,0,0,0,0,0
"ACH-000478",1,0,0,1,0,0,0,0
"ACH-000479",0,0,0,0,0,0,1,0
"ACH-000480",1,0,0,0,0,0,0,0
"ACH-000481",1,0,0,0,0,0,0,0
"ACH-000482",1,0,0,0,0,0,0,0
"ACH-000483",1,0,0,0,0,0,0,0
"ACH-000484",1,0,0,0,0,0,0,0
"ACH-000485",1,1,0,0,0,0,0,0
"ACH-000486",0,0,0,1,0,0,0,0
"ACH-000487",1,0,0,0,0,0,0,0
"ACH-000488",1,0,0,0,0,0,0,0
"ACH-000489",1,1,0,0,1,0,0,0
"ACH-000490",0,0,0,0,0,1,0,0
"ACH-000491",1,0,0,0,0,0,0,0
"ACH-000492",0,0,0,0,0,0,0,0
"ACH-000493",1,0,0,0,0,0,0,0
"ACH-000494",0,0,0,0,0,0,0,0
"ACH-000495",0,0,0,0,0,0,0,0
"ACH-000496",1,1,0,0,0,0,0,0
"ACH-000498",1,0,0,1,0,0,0,0
"ACH-000499",1,0,0,0,0,0,0,0
"ACH-000500",1,0,0,0,0,0,0,0
"ACH-000501",1,1,0,0,1,0,0,0
"ACH-000502",1,1,0,0,0,0,0,0
"ACH-000503",1,0,0,0,0,0,0,0
"ACH-000504",1,0,0,0,0,0,0,0
"ACH-000505",1,1,0,0,0,0,0,0
"ACH-000506",1,0,0,0,0,0,0,0
"ACH-000507",1,0,0,0,0,0,0,0
"ACH-000508",1,0,0,0,0,0,0,0
"ACH-000509",1,0,0,1,0,0,0,0
"ACH-000510",0,0,0,1,0,0,0,0
"ACH-000511",0,1,0,0,1,0,0,0
"ACH-000512",1,0,0,1,0,0,0,0
"ACH-000513",0,0,0,0,0,0,0,0
"ACH-000514",1,0,0,0,0,0,0,0
"ACH-000515",1,0,0,0,0,0,0,0
"ACH-000516",1,0,0,0,0,0,0,0
"ACH-000517",1,1,0,0,0,0,0,0
"ACH-000518",1,0,0,0,0,1,0,0
"ACH-000519",1,0,0,0,0,0,0,0
"ACH-000520",1,0,0,0,0,0,0,0
"ACH-000521",1,1,0,0,0,0,0,0
"ACH-000522",1,1,0,0,0,0,0,0
"ACH-000523",1,0,0,0,0,0,0,0
"ACH-000524",1,0,0,0,0,0,0,0
"ACH-000525",1,0,0,0,0,0,0,0
"ACH-000526",0,0,0,0,0,0,0,0
"ACH-000527",0,0,0,0,0,1,0,0
"ACH-000528",1,0,0,0,0,0,0,0
"ACH-000529",0,0,0,0,0,0,0,0
"ACH-000530",1,0,0,0,0,0,0,0
"ACH-000531",0,0,0,0,0,0,0,0
"ACH-000532",1,1,0,0,1,0,0,0
"ACH-000533",0,0,0,0,0,0,0,0
"ACH-000534",1,0,0,0,0,0,0,0
"ACH-000535",1,0,0,0,0,0,0,0
"ACH-000536",1,0,0,0,0,1,0,0
"ACH-000537",1,0,0,0,0,0,0,0
"ACH-000538",0,0,0,0,0,0,0,0
"ACH-000539",0,0,0,0,0,0,0,0
"ACH-000540",0,0,0,0,0,0,0,0
"ACH-000541",1,0,0,0,0,0,0,0
"ACH-000542",0,1,1,0,0,0,0,0
"ACH-000543",1,0,0,0,0,0,0,0
"ACH-000544",1,0,0,0,0,0,0,0
"ACH-000545",1,0,0,0,0,1,0,0
"ACH-000546",1,0,0,0,0,1,0,0
"ACH-000547",0,0,0,1,0,1,0,0
"ACH-000548",1,0,0,0,0,0,0,0
"ACH-000549",1,0,0,0,0,1,0,0
"ACH-000550",1,0,1,0,0,0,0,0
"ACH-000551",1,0,0,0,0,0,0,0
"ACH-000552",1,0,1,0,1,0,0,0
"ACH-000553",1,0,0,0,0,0,0,0
"ACH-000554",1,0,0,0,0,1,0,0
"ACH-000555",0,0,0,0,0,0,0,0
"ACH-000556",0,0,0,0,0,0,0,0
"ACH-000557",1,0,0,1,0,0,0,0
"ACH-000558",0,0,0,0,0,0,0,0
"ACH-000559",1,0,0,0,0,0,0,0
"ACH-000560",0,0,0,0,1,0,0,1
"ACH-000561",1,0,0,0,0,0,0,0
"ACH-000562",1,0,0,0,0,0,0,0
"ACH-000563",1,0,0,0,0,0,0,0
"ACH-000564",0,1,0,1,0,0,0,0
"ACH-000565",1,1,0,0,1,0,0,0
"ACH-000566",1,0,0,0,0,0,0,0
"ACH-000567",1,0,0,0,0,0,0,0
"ACH-000568",0,0,0,0,0,0,0,0
"ACH-000569",0,0,0,0,0,0,0,0
"ACH-000570",1,0,0,0,0,1,0,0
"ACH-000571",1,0,0,0,0,0,0,0
"ACH-000572",0,0,1,0,0,0,0,0
"ACH-000573",1,0,0,0,0,0,0,0
"ACH-000574",1,0,0,0,0,0,0,0
"ACH-000575",1,0,1,0,0,0,0,0
"ACH-000576",1,0,0,1,0,0,0,0
"ACH-000577",1,0,0,0,0,0,0,0
"ACH-000578",1,1,0,0,0,0,0,0
"ACH-000579",0,0,1,0,0,0,0,0
"ACH-000580",0,0,1,0,0,0,0,0
"ACH-000581",1,1,0,0,0,0,0,0
"ACH-000582",1,0,1,0,0,0,0,0
"ACH-000583",1,0,0,0,0,0,0,0
"ACH-000584",1,0,0,0,0,0,0,0
"ACH-000585",1,0,0,0,0,0,0,0
"ACH-000586",1,0,0,1,0,0,0,0
"ACH-000587",1,0,0,0,0,1,1,0
"ACH-000588",1,0,0,0,0,0,0,0
"ACH-000589",1,0,0,0,0,0,0,0
"ACH-000590",1,0,0,0,0,0,0,0
"ACH-000591",1,0,0,0,0,0,0,0
"ACH-000592",1,0,0,0,0,0,0,0
"ACH-000593",1,0,0,0,0,1,0,0
"ACH-000594",1,0,0,0,0,0,0,0
"ACH-000595",1,0,0,0,0,0,0,1
"ACH-000596",1,1,0,0,0,0,0,0
"ACH-000598",0,0,0,1,0,0,0,0
"ACH-000599",1,1,0,0,0,0,0,0
"ACH-000600",0,0,0,0,0,0,0,0
"ACH-000601",1,1,0,0,0,0,0,0
"ACH-000602",0,0,0,1,0,0,0,0
"ACH-000603",1,0,0,0,0,0,0,0
"ACH-000604",1,0,0,0,0,0,0,0
"ACH-000605",1,0,0,0,0,0,0,0
"ACH-000606",1,0,0,0,0,0,0,0
"ACH-000607",0,0,0,0,0,0,0,0
"ACH-000608",0,0,0,0,0,0,0,0
"ACH-000609",0,0,0,0,0,0,0,0
"ACH-000610",1,0,0,0,0,0,0,0
"ACH-000611",1,0,0,0,0,0,0,0
"ACH-000612",0,0,0,0,0,0,0,0
"ACH-000613",1,0,0,0,0,0,0,0
"ACH-000614",1,0,1,0,0,0,0,0
"ACH-000615",1,0,1,0,0,0,1,0
"ACH-000616",1,0,0,0,0,0,0,0
"ACH-000617",1,0,0,0,0,0,0,0
"ACH-000618",1,0,0,0,0,0,0,0
"ACH-000619",1,0,0,0,0,0,0,0
"ACH-000620",0,0,0,0,0,0,0,0
"ACH-000621",1,0,0,0,0,0,0,0
"ACH-000622",1,0,0,0,0,0,0,0
"ACH-000623",1,0,0,0,0,0,0,0
"ACH-000624",1,0,0,0,0,0,0,0
"ACH-000625",0,0,0,0,0,0,0,0
"ACH-000626",1,0,1,0,0,0,0,0
"ACH-000627",1,0,0,0,0,0,0,0
"ACH-000628",1,0,0,0,0,1,0,0
"ACH-000629",0,0,1,0,0,0,0,0
"ACH-000630",1,0,0,0,0,0,0,0
"ACH-000631",0,0,0,0,0,0,0,0
"ACH-000632",1,0,0,1,0,0,0,0
"ACH-000633",1,0,0,0,0,0,0,0
"ACH-000634",1,0,0,0,0,0,0,0
"ACH-000635",1,0,0,0,0,0,0,0
"ACH-000636",1,0,0,0,0,0,0,0
"ACH-000637",1,0,0,0,0,0,0,0
"ACH-000638",1,1,0,0,0,0,0,0
"ACH-000639",1,0,0,0,0,0,0,0
"ACH-000640",0,0,1,0,0,0,0,0
"ACH-000641",1,0,0,0,0,0,0,0
"ACH-000642",0,0,0,0,0,0,0,0
"ACH-000643",1,0,0,0,0,0,0,0
"ACH-000644",0,0,1,0,0,0,0,0
"ACH-000645",0,0,0,0,0,0,0,0
"ACH-000646",0,0,0,0,0,1,0,0
"ACH-000647",1,0,0,0,0,0,0,0
"ACH-000648",0,0,0,0,0,0,0,0
"ACH-000649",1,0,0,0,0,0,0,0
"ACH-000650",1,0,1,0,0,0,0,0
"ACH-000651",1,1,0,0,1,0,0,0
"ACH-000652",1,1,0,0,0,0,0,0
"ACH-000653",0,0,0,1,0,0,0,0
"ACH-000654",1,0,0,0,0,0,0,0
"ACH-000655",1,0,0,0,0,0,1,0
"ACH-000656",1,0,1,0,0,0,0,0
"ACH-000657",0,0,0,0,0,1,0,0
"ACH-000658",1,0,1,0,0,0,0,0
"ACH-000659",1,0,0,0,0,0,0,0
"ACH-000660",0,0,0,0,0,0,0,0
"ACH-000661",0,0,1,0,0,0,0,0
"ACH-000662",0,1,0,0,0,0,0,0
"ACH-000663",0,0,0,0,0,0,0,0
"ACH-000664",1,0,0,0,0,0,0,0
"ACH-000665",1,0,0,0,0,0,0,0
"ACH-000666",1,1,0,0,0,0,0,0
"ACH-000667",1,1,0,0,0,0,0,0
"ACH-000668",1,0,0,0,0,0,0,0
"ACH-000669",1,1,0,0,0,0,0,0
"ACH-000670",1,0,0,0,0,0,0,0
"ACH-000671",1,0,0,0,0,0,0,0
"ACH-000672",1,1,0,0,0,0,0,0
"ACH-000673",1,0,0,0,0,0,0,0
"ACH-000674",0,0,0,0,0,0,0,0
"ACH-000675",1,1,0,0,0,0,0,0
"ACH-000676",1,0,1,0,0,0,0,0
"ACH-000677",0,1,0,0,0,1,0,0
"ACH-000678",1,0,0,0,0,0,0,0
"ACH-000679",1,0,0,0,0,0,0,0
"ACH-000680",1,1,0,0,1,1,0,0
"ACH-000681",0,1,0,0,0,0,0,0
"ACH-000682",1,0,0,0,0,0,0,0
"ACH-000683",1,0,0,0,0,0,0,0
"ACH-000684",0,0,0,0,0,0,0,0
"ACH-000685",1,1,0,0,0,0,0,0
"ACH-000686",1,0,0,0,0,0,0,0
"ACH-000687",1,0,0,0,0,0,0,0
"ACH-000688",1,1,0,0,0,0,0,0
"ACH-000689",0,0,0,0,0,0,0,0
"ACH-000690",1,0,0,0,0,0,0,0
"ACH-000691",1,0,0,0,0,0,0,0
"ACH-000692",1,0,0,0,0,0,0,0
"ACH-000693",1,0,0,0,0,0,0,0
"ACH-000694",1,0,0,0,0,0,0,0
"ACH-000695",1,0,0,0,0,0,0,0
"ACH-000696",1,0,0,0,0,0,0,1
"ACH-000697",0,0,0,0,0,0,0,0
"ACH-000698",1,0,0,0,0,0,0,0
"ACH-000699",1,0,0,0,0,0,0,0
"ACH-000700",1,0,0,0,0,0,0,0
"ACH-000701",1,0,0,0,0,0,0,0
"ACH-000702",0,0,0,0,0,0,0,0
"ACH-000703",1,0,0,0,1,0,0,0
"ACH-000704",0,0,0,0,0,1,0,0
"ACH-000705",1,0,0,0,0,0,0,0
"ACH-000706",1,0,0,0,0,0,0,0
"ACH-000707",1,0,0,0,0,0,0,0
"ACH-000708",0,0,0,0,0,0,0,0
"ACH-000709",0,0,0,0,0,0,0,0
"ACH-000710",1,0,1,0,0,0,0,0
"ACH-000711",1,0,0,0,0,1,0,0
"ACH-000712",1,0,0,0,0,0,0,0
"ACH-000713",1,0,0,0,0,0,0,0
"ACH-000714",0,0,0,0,0,0,0,0
"ACH-000715",1,0,0,0,0,0,0,0
"ACH-000716",1,0,0,1,0,0,0,0
"ACH-000717",1,0,0,0,0,0,0,0
"ACH-000718",1,1,0,0,0,0,0,0
"ACH-000719",0,0,0,0,0,0,0,0
"ACH-000720",1,0,0,0,0,1,0,0
"ACH-000721",1,1,0,0,0,0,0,0
"ACH-000722",1,0,0,0,0,0,0,0
"ACH-000723",1,0,0,0,0,0,0,0
"ACH-000724",1,0,0,0,0,0,0,0
"ACH-000725",1,0,0,0,0,1,0,0
"ACH-000726",1,0,0,0,0,0,0,0
"ACH-000727",1,0,0,0,0,0,0,0
"ACH-000728",1,1,0,0,0,0,0,0
"ACH-000729",1,0,0,0,0,0,0,0
"ACH-000730",0,0,1,0,0,0,0,0
"ACH-000731",1,0,0,0,0,0,1,0
"ACH-000732",1,0,0,0,0,0,0,0
"ACH-000733",1,0,0,0,0,0,0,0
"ACH-000734",1,0,0,0,0,0,0,0
"ACH-000735",0,0,0,0,0,0,0,0
"ACH-000736",1,1,0,0,0,1,0,0
"ACH-000737",0,1,0,0,0,0,0,0
"ACH-000738",1,0,0,0,0,0,0,0
"ACH-000739",0,0,0,1,0,0,0,0
"ACH-000740",1,0,0,0,0,0,0,0
"ACH-000741",1,0,0,0,0,0,0,0
"ACH-000742",0,0,0,0,0,0,0,0
"ACH-000743",1,0,0,0,0,0,0,0
"ACH-000744",1,0,0,0,0,0,0,0
"ACH-000745",0,0,0,1,0,0,0,0
"ACH-000746",1,0,0,0,0,0,0,0
"ACH-000747",1,0,0,0,0,0,0,0
"ACH-000748",1,1,0,1,0,0,0,0
"ACH-000749",1,0,0,0,0,0,0,0
"ACH-000750",0,0,1,0,0,0,0,0
"ACH-000751",1,0,0,0,0,0,0,0
"ACH-000752",1,0,0,0,0,0,0,0
"ACH-000753",1,0,0,0,0,0,0,0
"ACH-000754",0,0,0,0,0,0,0,0
"ACH-000755",0,0,0,0,0,0,0,0
"ACH-000756",1,0,0,0,0,0,0,0
"ACH-000757",0,1,0,0,0,0,0,0
"ACH-000758",1,0,0,0,1,0,0,0
"ACH-000759",0,0,0,0,0,0,0,0
"ACH-000760",0,0,0,0,0,0,0,0
"ACH-000761",1,0,0,0,0,0,0,0
"ACH-000762",1,0,0,0,1,0,0,0
"ACH-000763",0,1,0,0,1,0,0,0
"ACH-000764",1,1,0,0,0,0,0,0
"ACH-000765",1,0,1,0,0,0,0,0
"ACH-000766",1,0,0,0,0,0,0,0
"ACH-000767",1,0,0,0,0,0,0,0
"ACH-000768",1,1,1,0,0,0,0,0
"ACH-000769",1,0,0,0,0,0,0,0
"ACH-000770",1,0,0,1,0,0,0,0
"ACH-000771",1,0,0,0,0,0,0,0
"ACH-000772",0,0,0,0,0,0,0,0
"ACH-000773",0,0,0,0,0,0,0,0
"ACH-000774",1,1,0,0,0,0,0,0
"ACH-000775",1,1,0,0,0,0,0,0
"ACH-000776",0,0,0,1,0,0,0,0
"ACH-000777",1,0,0,0,0,0,0,0
"ACH-000778",1,0,0,0,0,0,0,0
"ACH-000779",1,0,0,0,0,0,1,0
"ACH-000780",1,0,0,0,0,0,0,0
"ACH-000781",1,0,0,0,0,0,0,0
"ACH-000782",1,0,0,0,0,0,0,0
"ACH-000783",1,0,0,0,0,0,0,0
"ACH-000784",1,0,0,0,0,0,0,0
"ACH-000785",1,0,0,0,0,0,0,0
"ACH-000786",1,0,0,0,0,0,0,0
"ACH-000787",1,0,0,0,0,0,0,0
"ACH-000788",1,0,1,0,0,0,0,0
"ACH-000789",1,0,0,0,0,0,0,0
"ACH-000790",1,1,0,0,0,0,0,0
"ACH-000791",1,1,0,0,0,0,0,0
"ACH-000792",1,0,0,0,0,1,0,0
"ACH-000793",0,0,0,0,0,0,0,0
"ACH-000794",1,0,0,0,0,0,0,0
"ACH-000795",1,0,0,1,0,0,0,0
"ACH-000796",0,1,0,0,0,1,0,0
"ACH-000797",0,0,0,0,0,0,0,0
"ACH-000798",1,1,0,0,1,1,0,0
"ACH-000799",0,0,1,0,0,0,0,0
"ACH-000800",1,0,0,0,0,0,0,0
"ACH-000801",0,0,0,1,0,0,0,0
"ACH-000802",1,0,0,1,0,0,0,0
"ACH-000803",1,1,0,0,0,0,0,0
"ACH-000804",0,0,0,0,0,0,0,0
"ACH-000805",0,0,1,0,0,0,0,0
"ACH-000806",0,0,0,0,0,0,0,0
"ACH-000807",1,0,0,0,0,0,0,0
"ACH-000808",1,0,0,0,0,1,0,0
"ACH-000809",1,1,0,0,0,0,0,0
"ACH-000810",1,0,0,1,1,0,0,0
"ACH-000811",1,0,0,0,1,1,0,0
"ACH-000812",1,0,1,0,0,0,0,0
"ACH-000813",1,1,0,0,0,0,0,0
"ACH-000814",0,0,1,0,0,0,0,0
"ACH-000815",0,0,0,0,0,0,0,0
"ACH-000816",1,0,0,0,0,0,0,0
"ACH-000817",1,1,0,0,0,0,1,0
"ACH-000818",1,0,0,0,0,1,0,0
"ACH-000819",1,0,0,0,0,0,0,0
"ACH-000820",1,1,0,0,0,1,0,0
"ACH-000821",1,0,0,0,0,0,0,0
"ACH-000822",0,0,1,0,0,0,0,0
"ACH-000823",1,0,0,0,0,0,0,0
"ACH-000824",1,0,0,0,0,1,0,0
"ACH-000825",1,0,0,0,0,0,0,0
"ACH-000826",1,0,1,0,0,0,0,0
"ACH-000827",0,0,1,0,0,0,0,0
"ACH-000828",0,0,0,0,0,0,0,0
"ACH-000829",0,0,0,0,0,0,0,0
"ACH-000830",1,0,0,0,0,0,0,0
"ACH-000831",0,1,0,0,0,0,0,0
"ACH-000832",1,0,0,0,0,0,0,0
"ACH-000833",1,0,0,0,0,0,0,0
"ACH-000834",1,0,0,0,0,0,0,0
"ACH-000835",1,0,1,0,0,0,0,0
"ACH-000836",1,0,0,0,0,0,0,0
"ACH-000837",1,0,0,0,0,0,0,0
"ACH-000838",0,1,0,0,0,0,0,0
"ACH-000839",1,0,0,0,0,0,0,0
"ACH-000840",1,0,0,0,0,0,0,0
"ACH-000841",1,0,1,1,0,0,0,0
"ACH-000842",1,1,0,0,1,0,0,0
"ACH-000843",1,0,0,0,0,0,0,0
"ACH-000844",1,0,0,0,0,0,0,0
"ACH-000845",1,1,0,0,0,0,0,0
"ACH-000846",1,0,0,0,0,0,0,0
"ACH-000847",1,0,0,0,1,1,0,0
"ACH-000848",1,0,0,0,0,0,0,0
"ACH-000849",1,0,0,0,0,0,0,0
"ACH-000850",0,0,0,0,0,0,0,0
"ACH-000851",1,1,0,0,0,0,0,0
"ACH-000852",1,0,0,0,0,0,0,0
"ACH-000853",1,0,0,0,0,0,0,0
"ACH-000854",1,0,0,0,0,0,0,0
"ACH-000855",1,0,0,0,0,0,0,0
"ACH-000856",0,0,0,0,0,1,0,0
"ACH-000857",1,0,0,0,0,0,0,0
"ACH-000858",1,0,0,0,0,0,0,0
"ACH-000859",1,0,0,0,0,1,0,0
"ACH-000860",0,1,0,0,0,0,0,0
"ACH-000861",1,1,0,0,0,0,0,0
"ACH-000862",1,0,0,0,0,0,0,0
"ACH-000863",0,0,1,0,0,0,0,0
"ACH-000864",0,0,0,0,0,0,0,0
"ACH-000865",1,0,0,0,0,0,1,0
"ACH-000866",1,0,0,0,0,1,0,0
"ACH-000867",1,0,0,0,0,0,0,0
"ACH-000868",1,0,0,1,0,0,0,0
"ACH-000869",1,0,0,0,0,0,0,0
"ACH-000870",1,0,0,0,0,0,0,0
"ACH-000871",1,0,0,0,0,0,0,0
"ACH-000872",1,1,0,0,0,0,0,0
"ACH-000873",1,0,0,0,0,0,1,0
"ACH-000874",0,0,0,0,0,0,0,0
"ACH-000875",1,1,0,1,0,0,0,0
"ACH-000876",1,0,0,0,0,0,0,0
"ACH-000877",1,0,0,0,0,0,0,0
"ACH-000878",1,0,0,1,0,0,0,0
"ACH-000879",1,0,0,0,0,1,0,0
"ACH-000880",0,1,0,0,0,1,0,0
"ACH-000881",0,0,0,1,0,0,0,0
"ACH-000882",0,0,1,0,0,0,0,0
"ACH-000883",1,0,0,0,0,0,0,0
"ACH-000884",1,0,1,0,0,0,0,0
"ACH-000885",0,1,0,0,0,1,0,0
"ACH-000886",1,1,0,0,0,0,0,0
"ACH-000887",1,0,0,0,0,0,0,0
"ACH-000888",1,0,0,0,0,0,0,0
"ACH-000889",1,0,0,1,0,0,0,0
"ACH-000890",1,0,0,1,0,0,0,0
"ACH-000891",1,0,0,0,0,0,0,0
"ACH-000892",0,0,0,0,0,1,0,0
"ACH-000893",1,0,0,0,0,0,0,0
"ACH-000894",1,0,0,0,0,0,0,0
"ACH-000895",1,0,1,0,1,0,0,0
"ACH-000896",1,0,0,0,0,0,0,0
"ACH-000897",1,0,0,0,0,0,0,0
"ACH-000898",0,0,0,1,0,1,0,0
"ACH-000899",0,0,1,0,0,0,1,0
"ACH-000900",1,1,0,0,0,0,0,0
"ACH-000901",1,0,0,0,0,0,0,0
"ACH-000902",1,0,0,0,0,1,0,0
"ACH-000903",1,0,0,0,0,0,0,0
"ACH-000904",1,0,0,0,0,0,0,0
"ACH-000905",1,0,0,0,0,0,0,1
"ACH-000906",1,0,1,0,0,0,0,0
"ACH-000907",1,0,0,0,0,0,0,0
"ACH-000908",0,0,0,0,1,0,0,0
"ACH-000909",0,0,0,0,0,1,0,0
"ACH-000910",0,0,0,0,0,1,0,0
"ACH-000911",1,0,0,0,0,0,0,0
"ACH-000912",1,0,0,0,0,0,0,0
"ACH-000913",1,0,0,0,0,1,0,0
"ACH-000914",1,0,0,0,0,0,0,0
"ACH-000915",1,0,0,1,0,0,0,0
"ACH-000916",1,1,0,1,0,0,0,0
"ACH-000917",1,0,0,0,0,0,0,0
"ACH-000918",1,0,0,0,0,0,0,0
"ACH-000919",0,0,0,0,0,1,0,0
"ACH-000920",1,0,0,0,0,0,0,0
"ACH-000921",1,1,0,0,0,0,0,0
"ACH-000922",0,1,0,0,0,0,0,0
"ACH-000923",1,0,0,0,0,0,0,0
"ACH-000924",1,0,0,0,0,0,1,0
"ACH-000925",0,1,0,0,1,0,0,1
"ACH-000926",1,0,0,0,1,0,0,0
"ACH-000927",1,0,0,0,0,1,0,0
"ACH-000928",0,0,0,0,0,1,0,0
"ACH-000929",1,0,0,0,0,0,0,0
"ACH-000930",1,0,0,0,0,0,0,0
"ACH-000931",1,0,0,0,0,0,0,0
"ACH-000932",0,1,0,0,0,0,0,0
"ACH-000933",0,0,0,0,0,0,0,1
"ACH-000934",1,0,1,0,0,1,0,0
"ACH-000935",0,0,1,0,1,0,0,0
"ACH-000936",1,0,0,0,0,0,0,1
"ACH-000937",1,0,0,1,1,0,0,0
"ACH-000938",0,0,0,0,0,0,0,0
"ACH-000939",1,0,0,0,1,1,0,0
"ACH-000940",1,0,0,0,0,0,0,0
"ACH-000941",1,1,0,0,0,1,0,1
"ACH-000942",1,0,0,0,0,0,0,0
"ACH-000943",0,0,1,0,0,1,0,0
"ACH-000944",1,0,0,0,0,0,0,0
"ACH-000945",1,1,0,0,0,0,0,0
"ACH-000946",0,0,1,0,0,0,0,0
"ACH-000947",1,1,0,0,0,0,0,0
"ACH-000948",0,0,0,0,0,0,0,0
"ACH-000949",1,1,0,0,1,1,0,0
"ACH-000950",0,1,0,0,1,0,0,0
"ACH-000951",1,0,0,0,0,0,0,0
"ACH-000952",0,0,0,0,0,0,0,0
"ACH-000953",1,0,0,0,0,1,0,0
"ACH-000954",1,1,0,0,0,1,0,1
"ACH-000955",1,1,0,0,0,1,0,0
"ACH-000956",1,0,1,0,0,1,0,0
"ACH-000957",0,1,0,0,0,1,0,0
"ACH-000958",0,0,0,0,0,0,1,0
"ACH-000959",1,0,0,0,1,1,0,0
"ACH-000960",1,0,0,0,0,0,0,0
"ACH-000961",1,0,1,0,0,0,0,0
"ACH-000962",1,0,1,0,0,1,0,0
"ACH-000963",1,0,0,0,0,1,0,0
"ACH-000964",0,0,0,1,0,0,0,0
"ACH-000965",1,0,1,0,0,0,1,0
"ACH-000966",1,0,0,0,0,1,0,0
"ACH-000967",1,1,0,0,0,1,0,1
"ACH-000968",0,0,0,0,0,0,0,0
"ACH-000969",1,0,1,0,0,0,0,0
"ACH-000970",1,0,1,0,0,1,0,0
"ACH-000971",0,1,0,0,0,1,0,0
"ACH-000972",1,0,0,1,0,1,0,0
"ACH-000973",1,1,0,0,0,0,0,0
"ACH-000974",0,1,0,0,0,1,0,0
"ACH-000975",1,0,0,0,0,1,0,0
"ACH-000976",1,1,0,0,0,0,0,0
"ACH-000977",0,0,0,0,1,0,0,0
"ACH-000978",1,0,0,0,0,1,0,0
"ACH-000979",1,0,0,0,0,0,0,0
"ACH-000980",1,1,0,0,1,0,0,0
"ACH-000981",1,0,0,1,0,0,0,0
"ACH-000982",0,1,0,0,1,1,0,0
"ACH-000983",1,0,0,0,0,1,0,0
"ACH-000984",1,0,0,0,0,1,1,0
"ACH-000985",1,0,1,0,1,0,0,0
"ACH-000986",1,0,1,0,1,1,0,0
"ACH-000987",1,0,0,0,0,0,0,0
"ACH-000988",1,0,0,0,0,0,0,0
"ACH-000989",0,1,0,0,1,0,0,0
"ACH-000990",1,0,0,0,0,0,0,0
"ACH-000991",1,1,0,0,1,0,0,0
"ACH-000992",1,0,0,0,0,0,0,0
"ACH-000993",1,0,0,0,1,1,0,0
"ACH-000994",1,0,0,0,0,1,0,0
"ACH-000995",1,0,0,0,1,0,0,0
"ACH-000996",1,0,0,0,1,1,0,0
"ACH-000997",1,1,0,0,0,1,0,0
"ACH-000998",0,0,0,0,1,0,0,1
"ACH-000999",1,0,0,0,1,0,0,1
"ACH-001001",1,1,0,0,0,0,0,0
"ACH-001002",1,0,1,0,0,0,0,0
"ACH-001011",1,0,0,0,0,0,0,0
"ACH-001016",1,0,0,0,0,0,0,0
"ACH-001020",0,0,0,0,0,0,0,0
"ACH-001021",0,0,0,1,0,0,0,0
"ACH-001022",0,0,0,0,0,0,0,0
"ACH-001023",1,0,0,0,0,0,0,0
"ACH-001024",1,0,0,0,0,0,0,0
"ACH-001028",1,0,0,0,0,0,0,0
"ACH-001029",1,0,0,0,0,0,0,0
"ACH-001030",0,0,0,0,0,0,0,0
"ACH-001031",0,0,0,0,0,0,0,0
"ACH-001032",1,0,0,0,0,0,0,0
"ACH-001033",0,0,0,0,0,0,0,0
"ACH-001034",0,0,0,0,0,0,0,0
"ACH-001035",1,0,0,0,0,0,0,0
"ACH-001036",0,0,0,0,0,0,0,0
"ACH-001038",1,0,0,0,0,0,0,0
"ACH-001039",0,0,1,0,1,0,0,0
"ACH-001041",1,0,0,0,0,0,0,0
"ACH-001042",0,0,0,0,0,0,0,0
"ACH-001043",1,1,0,0,0,0,0,0
"ACH-001044",1,0,1,0,0,0,0,0
"ACH-001047",1,0,0,0,0,0,0,0
"ACH-001048",1,0,0,0,0,0,0,0
"ACH-001049",1,0,0,0,0,0,0,0
"ACH-001050",0,0,0,0,0,0,0,0
"ACH-001053",1,0,0,0,0,0,0,0
"ACH-001054",0,0,0,0,0,0,0,0
"ACH-001057",0,0,0,0,0,0,0,0
"ACH-001059",0,0,0,0,0,0,0,0
"ACH-001060",1,0,0,0,0,0,0,0
"ACH-001063",1,0,0,0,0,0,0,0
"ACH-001064",1,0,0,0,0,0,0,0
"ACH-001065",1,0,0,0,0,0,0,0
"ACH-001066",1,0,0,0,0,0,0,0
"ACH-001067",0,0,0,1,0,0,0,0
"ACH-001068",0,0,0,0,0,0,0,0
"ACH-001072",1,1,0,0,0,0,0,0
"ACH-001075",0,0,0,0,0,0,0,0
"ACH-001078",0,1,0,0,0,0,0,0
"ACH-001081",1,1,0,0,1,0,0,0
"ACH-001086",0,0,0,0,0,0,0,0
"ACH-001089",1,0,0,0,0,0,0,0
"ACH-001090",1,0,0,0,0,0,0,0
"ACH-001091",0,1,0,0,0,1,0,0
"ACH-001092",1,0,0,0,0,0,0,0
"ACH-001093",0,0,0,0,0,0,0,0
"ACH-001094",1,1,0,0,0,0,0,0
"ACH-001097",0,0,0,1,0,0,0,0
"ACH-001099",0,0,0,0,0,0,0,0
"ACH-001100",1,1,0,0,0,0,0,0
"ACH-001106",1,1,0,0,0,0,0,0
"ACH-001107",1,1,0,0,0,0,0,0
"ACH-001108",1,1,0,0,0,0,0,0
"ACH-001109",0,0,0,0,0,0,0,0
"ACH-001111",1,0,0,0,0,0,0,0
"ACH-001113",1,0,0,0,0,0,0,0
"ACH-001118",1,0,0,0,0,0,0,0
"ACH-001119",0,0,0,0,0,0,0,0
"ACH-001125",1,0,0,0,0,0,0,0
"ACH-001126",1,0,0,0,0,0,0,0
"ACH-001127",1,0,0,1,0,0,0,0
"ACH-001128",0,0,0,0,0,0,0,0
"ACH-001129",1,0,0,0,0,0,0,0
"ACH-001130",1,0,0,0,0,0,0,0
"ACH-001131",1,0,0,0,0,0,0,0
"ACH-001132",1,0,0,0,0,0,0,0
"ACH-001134",0,0,0,0,0,0,0,0
"ACH-001136",1,0,0,0,0,0,0,0
"ACH-001137",1,0,0,0,0,0,0,0
"ACH-001138",1,0,0,0,0,0,0,0
"ACH-001140",1,0,0,0,0,0,1,0
"ACH-001143",1,0,0,0,0,0,0,0
"ACH-001145",1,0,1,0,0,1,0,0
"ACH-001146",1,0,0,0,0,0,0,0
"ACH-001147",1,0,0,0,0,0,0,0
"ACH-001151",0,1,0,0,0,0,0,0
"ACH-001162",1,0,0,0,0,0,0,0
"ACH-001163",1,0,0,0,0,0,0,0
"ACH-001173",1,0,0,0,0,0,0,0
"ACH-001183",1,0,0,0,0,0,0,0
"ACH-001184",0,0,0,0,0,0,0,0
"ACH-001187",0,0,0,0,0,0,0,0
"ACH-001188",0,0,0,0,0,0,0,0
"ACH-001189",1,0,0,0,0,0,0,0
"ACH-001190",1,0,0,1,0,0,0,0
"ACH-001192",1,0,0,0,0,0,0,0
"ACH-001193",1,0,0,0,0,0,0,0
"ACH-001196",0,0,0,0,0,0,0,0
"ACH-001197",1,0,0,0,0,0,0,0
"ACH-001199",1,1,0,0,0,1,0,1
"ACH-001200",0,0,0,0,0,0,0,0
"ACH-001203",0,0,0,0,0,0,0,0
"ACH-001205",0,0,0,0,0,0,0,0
"ACH-001206",1,0,0,0,0,0,0,0
"ACH-001207",0,0,0,0,0,0,0,0
"ACH-001208",1,0,0,0,0,0,0,0
"ACH-001210",0,0,0,0,0,0,0,0
"ACH-001211",0,0,0,0,0,0,0,0
"ACH-001212",0,0,0,0,0,0,0,0
"ACH-001214",1,0,0,0,0,0,0,0
"ACH-001228",0,0,0,0,0,0,0,0
"ACH-001230",1,0,0,0,0,0,0,0
"ACH-001232",1,0,0,0,0,0,0,0
"ACH-001233",1,0,0,0,0,0,0,0
"ACH-001234",1,0,0,0,0,0,0,0
"ACH-001239",0,0,1,0,0,0,0,0
"ACH-001270",0,0,0,0,0,0,0,0
"ACH-001274",0,0,1,0,0,0,0,0
"ACH-001275",0,0,0,1,0,0,0,0
"ACH-001277",1,0,0,0,0,1,0,0
"ACH-001278",0,0,0,0,0,0,0,0
"ACH-001280",1,0,0,0,0,0,0,0
"ACH-001282",0,0,0,0,0,0,0,0
"ACH-001283",1,0,0,0,0,0,0,0
"ACH-001289",0,0,0,0,0,0,0,0
"ACH-001295",0,0,0,0,0,0,0,0
"ACH-001300",0,0,0,0,0,0,0,0
"ACH-001301",0,0,0,0,0,0,0,0
"ACH-001302",0,0,0,0,0,0,0,0
"ACH-001303",0,0,0,0,0,0,0,0
"ACH-001306",1,0,1,0,0,0,0,0
"ACH-001307",1,0,1,0,0,0,0,0
"ACH-001310",0,0,0,0,0,0,0,0
"ACH-001318",1,0,0,0,0,0,0,0
"ACH-001321",0,0,0,0,0,0,0,0
"ACH-001322",0,0,0,0,0,0,0,0
"ACH-001328",1,0,0,0,0,0,0,0
"ACH-001329",0,0,0,0,0,0,0,0
"ACH-001331",0,0,0,0,0,1,0,0
"ACH-001332",1,0,0,0,0,0,0,0
"ACH-001333",1,0,0,0,0,1,0,0
"ACH-001334",0,0,0,0,0,0,0,0
"ACH-001335",0,0,0,0,0,0,0,0
"ACH-001336",0,0,0,0,0,1,0,0
"ACH-001338",0,0,0,0,0,0,0,0
"ACH-001339",1,0,1,0,0,0,0,0
"ACH-001340",1,0,0,0,0,0,0,0
"ACH-001341",0,0,0,0,0,0,0,0
"ACH-001344",0,0,0,0,0,0,0,0
"ACH-001345",0,1,0,0,1,1,0,0
"ACH-001346",1,0,0,0,0,0,0,0
"ACH-001350",1,0,1,0,0,0,0,0
"ACH-001353",1,1,0,0,0,0,0,0
"ACH-001354",1,0,0,0,0,0,0,0
"ACH-001355",1,1,0,0,0,0,0,0
"ACH-001356",1,0,0,0,0,0,0,0
"ACH-001358",1,0,0,0,0,0,0,0
"ACH-001359",0,0,0,0,0,1,0,0
"ACH-001360",0,0,0,0,0,0,0,0
"ACH-001362",1,0,0,0,0,0,0,0
"ACH-001363",1,0,0,1,0,0,0,0
"ACH-001364",1,0,0,0,0,0,0,0
"ACH-001365",1,0,0,0,0,0,0,0
"ACH-001366",1,0,0,0,0,0,0,0
"ACH-001367",1,0,0,0,0,0,0,0
"ACH-001368",1,0,0,0,0,0,0,1
"ACH-001369",1,0,0,0,0,1,0,0
"ACH-001373",1,0,0,0,0,0,0,0
"ACH-001374",0,0,0,1,0,0,0,0
"ACH-001375",1,1,0,0,0,0,0,0
"ACH-001376",1,1,0,0,0,0,0,0
"ACH-001377",0,0,0,0,0,0,0,0
"ACH-001378",0,1,0,0,0,0,0,0
"ACH-001379",1,1,0,0,0,0,0,0
"ACH-001380",1,0,0,0,0,0,0,0
"ACH-001382",1,1,0,0,0,0,0,0
"ACH-001384",1,0,0,0,0,0,0,0
"ACH-001385",0,0,0,0,0,0,0,0
"ACH-001386",1,0,0,0,0,0,0,0
"ACH-001390",1,0,0,0,0,0,0,0
"ACH-001391",1,0,0,0,0,1,0,0
"ACH-001392",1,0,0,0,0,1,0,0
"ACH-001394",1,1,0,0,0,0,0,0
"ACH-001396",1,0,0,0,0,0,0,0
"ACH-001398",0,0,0,0,0,0,0,0
"ACH-001399",1,1,0,0,0,0,0,0
"ACH-001400",1,0,0,0,0,0,0,0
"ACH-001401",1,0,0,0,0,0,0,0
"ACH-001402",0,1,0,0,0,0,0,0
"ACH-001403",1,0,0,0,0,0,0,0
"ACH-001407",1,0,0,0,0,0,0,0
"ACH-001408",1,0,0,0,0,1,0,0
"ACH-001409",1,0,0,0,0,1,0,0
"ACH-001410",1,0,0,0,0,0,0,0
"ACH-001411",1,0,0,0,0,0,0,0
"ACH-001412",1,0,0,0,0,0,0,0
"ACH-001413",0,0,0,0,0,0,0,0
"ACH-001414",0,0,0,0,0,0,0,0
"ACH-001415",1,0,0,0,0,0,0,0
"ACH-001416",1,0,0,0,0,0,0,0
"ACH-001417",1,0,0,0,0,0,0,0
"ACH-001418",1,0,0,0,0,0,0,0
"ACH-001421",1,0,0,0,0,0,0,0
"ACH-001430",0,0,0,0,0,0,0,0
"ACH-001431",0,0,0,0,0,0,0,0
"ACH-001433",1,0,0,0,0,0,0,0
"ACH-001442",1,0,0,0,0,1,0,0
"ACH-001443",1,0,0,1,0,0,0,0
"ACH-001450",1,0,0,0,0,0,0,0
"ACH-001451",0,0,0,0,0,0,0,0
"ACH-001452",0,0,0,0,0,0,0,0
"ACH-001453",0,0,0,0,0,0,0,0
"ACH-001454",0,0,0,0,0,0,0,0
"ACH-001456",1,1,0,0,1,0,0,0
"ACH-001458",1,0,0,0,1,0,0,0
"ACH-001459",1,1,0,0,0,0,0,0
"ACH-001460",1,1,0,0,1,0,0,0
"ACH-001461",0,0,0,0,0,0,0,0
"ACH-001484",0,0,0,0,0,0,0,0
"ACH-001485",0,0,0,0,0,0,0,0
"ACH-001489",1,0,0,0,0,0,0,0
"ACH-001490",1,0,0,0,0,0,0,0
"ACH-001494",1,1,0,0,0,0,0,0
"ACH-001495",1,0,0,0,0,0,0,0
"ACH-001496",1,0,0,0,0,1,0,0
"ACH-001497",1,0,0,0,0,0,0,0
"ACH-001498",1,0,0,0,0,0,0,0
"ACH-001500",1,0,0,0,0,0,0,0
"ACH-001509",1,0,0,0,0,0,0,0
"ACH-001513",1,0,0,0,0,0,0,0
"ACH-001515",0,0,0,0,0,0,0,0
"ACH-001517",1,1,0,0,0,1,0,1
"ACH-001519",0,0,0,0,0,0,0,0
"ACH-001520",0,0,0,0,0,0,0,0
"ACH-001521",1,1,0,0,0,0,0,0
"ACH-001522",0,0,1,0,0,0,0,0
"ACH-001523",1,0,0,0,0,0,0,0
"ACH-001524",0,0,0,0,0,0,0,0
"ACH-001525",1,0,0,0,0,0,0,0
"ACH-001526",0,0,0,0,0,0,0,0
"ACH-001528",0,0,1,0,0,0,0,0
"ACH-001529",0,0,0,0,0,0,0,0
"ACH-001530",0,0,0,0,0,0,0,0
"ACH-001532",0,0,0,0,0,0,0,0
"ACH-001536",0,1,0,0,0,0,0,0
"ACH-001538",1,1,0,0,0,0,0,0
"ACH-001540",0,0,0,0,0,0,0,0
"ACH-001541",1,1,0,0,0,0,0,0
"ACH-001542",1,0,0,0,0,0,0,0
"ACH-001544",1,0,0,0,0,0,0,0
"ACH-001546",0,0,0,0,0,0,0,0
"ACH-001548",0,0,0,0,0,0,0,0
"ACH-001549",1,0,0,0,0,0,0,0
"ACH-001550",1,0,0,0,0,0,0,0
"ACH-001551",1,0,0,0,0,0,0,0
"ACH-001552",1,0,0,0,0,0,0,0
"ACH-001554",0,0,0,0,0,0,0,0
"ACH-001555",0,0,0,0,0,0,0,0
"ACH-001556",0,0,0,0,0,0,0,0
"ACH-001557",0,0,0,0,0,0,0,0
"ACH-001558",0,0,0,0,0,0,0,0
"ACH-001559",1,0,0,0,0,0,0,0
"ACH-001560",0,0,0,0,0,0,0,0
"ACH-001561",0,0,0,0,0,0,0,0
"ACH-001562",0,0,0,0,0,0,0,0
"ACH-001563",0,0,1,0,0,0,0,0
"ACH-001566",0,0,1,0,0,0,1,0
"ACH-001567",0,0,1,0,0,0,0,0
"ACH-001568",0,0,1,0,0,0,0,0
"ACH-001569",1,0,0,1,0,0,0,0
"ACH-001570",0,0,1,0,0,0,0,0
"ACH-001573",1,0,0,0,0,0,0,0
"ACH-001578",1,0,0,0,0,0,0,0
"ACH-001591",1,0,0,0,0,0,0,0
"ACH-001599",1,0,0,0,0,0,0,0
"ACH-001603",0,0,0,0,0,0,0,0
"ACH-001605",1,0,0,0,0,0,0,0
"ACH-001606",1,0,0,0,0,0,0,0
"ACH-001607",1,1,0,0,0,0,0,0
"ACH-001608",1,0,0,0,0,0,0,0
"ACH-001609",1,0,0,0,0,0,0,0
"ACH-001610",1,0,0,0,0,1,0,0
"ACH-001611",0,0,0,0,0,1,0,0
"ACH-001617",1,0,0,0,0,0,0,0
"ACH-001618",1,0,0,1,0,0,0,0
"ACH-001622",0,0,0,0,0,0,0,0
"ACH-001624",0,0,0,0,0,0,0,0
"ACH-001625",1,0,0,0,0,0,0,0
"ACH-001626",1,0,0,0,0,1,0,0
"ACH-001628",1,0,0,0,0,0,0,0
"ACH-001630",1,0,0,0,0,0,0,0
"ACH-001632",1,0,0,0,0,0,0,0
"ACH-001634",0,1,0,0,0,0,0,0
"ACH-001638",0,0,0,0,0,0,0,0
"ACH-001639",0,0,0,0,0,0,0,0
"ACH-001641",1,0,0,0,0,0,0,0
"ACH-001642",0,0,0,0,0,0,0,0
"ACH-001645",0,0,1,0,0,0,0,0
"ACH-001647",1,1,0,0,0,0,0,0
"ACH-001650",1,1,0,0,0,0,0,0
"ACH-001651",0,0,0,0,0,0,0,0
"ACH-001653",1,0,0,0,0,0,0,0
"ACH-001654",1,1,0,0,0,1,0,0
"ACH-001655",1,0,0,0,0,0,0,0
"ACH-001656",1,0,0,0,0,0,0,0
"ACH-001664",1,0,0,0,0,0,0,0
"ACH-001668",0,0,0,0,0,0,0,0
"ACH-001670",1,0,0,0,0,0,0,0
"ACH-001673",1,0,0,0,0,0,0,0
"ACH-001674",1,0,0,0,0,0,0,0
"ACH-001677",0,0,0,0,0,0,0,0
"ACH-001680",1,0,0,0,0,0,0,0
"ACH-001702",0,0,0,0,0,0,0,0
"ACH-001703",0,0,0,0,0,0,0,0
"ACH-001704",0,0,1,0,0,0,0,0
"ACH-001709",1,0,0,0,0,0,0,0
"ACH-001711",1,0,0,0,0,0,0,0
"ACH-001715",0,0,0,0,0,0,0,0
"ACH-001716",0,0,0,1,0,0,0,0
"ACH-001735",1,0,0,0,0,0,0,0
"ACH-001736",1,0,0,0,0,0,0,0
"ACH-001737",0,0,0,0,0,0,0,0
"ACH-001738",1,1,0,0,0,0,0,0
"ACH-001740",1,0,0,0,0,0,0,0
"ACH-001745",1,0,0,0,0,0,0,0
"ACH-001750",1,0,0,0,0,0,0,0
"ACH-001751",0,0,0,0,0,0,0,0
"ACH-001765",1,0,0,0,0,0,0,0
"ACH-001767",0,0,0,0,0,0,0,0
"ACH-001790",1,0,0,1,0,0,0,0
"ACH-001791",0,0,0,0,0,0,0,0
"ACH-001793",0,0,0,0,0,0,0,0
"ACH-001796",0,0,0,0,0,0,0,0
"ACH-001814",0,0,0,0,0,0,0,0
"ACH-001818",0,0,0,0,0,0,0,0
"ACH-001819",1,0,0,0,0,1,0,0
"ACH-001820",1,0,0,0,0,0,0,0
"ACH-001836",1,0,0,0,0,0,0,0
"ACH-001838",1,0,1,0,0,0,0,0
"ACH-001839",0,0,0,0,0,0,0,0
"ACH-001841",1,0,0,0,0,0,1,0
"ACH-001842",1,0,0,0,0,0,0,0
"ACH-001843",0,1,0,0,0,0,0,0
"ACH-001848",0,0,1,0,0,0,0,0
"ACH-001849",1,1,0,0,0,0,0,0
"ACH-001852",1,1,0,0,0,0,0,0
"ACH-001853",0,0,0,0,0,0,0,0
"ACH-001856",0,1,0,0,0,0,0,0
"ACH-001857",1,1,0,0,0,0,0,0
"ACH-001861",1,0,0,0,0,0,0,0
"ACH-001957",0,0,0,0,0,0,0,0
"ACH-001958",1,0,0,0,0,0,0,0
"ACH-001959",1,0,0,0,0,0,0,0
"ACH-001960",1,0,0,0,0,0,0,0
"ACH-001997",1,0,0,0,0,0,0,0
"ACH-001999",1,1,0,0,0,0,0,0
"ACH-002001",0,0,1,0,0,0,0,0
"ACH-002002",0,0,1,0,0,0,0,0
"ACH-002003",0,0,1,0,0,0,0,0
"ACH-002004",0,0,1,0,0,0,0,0
"ACH-002005",1,0,1,0,0,0,0,0
"ACH-002020",1,0,0,0,0,0,0,0
"ACH-002029",1,0,0,0,0,0,0,0
"ACH-002040",1,0,1,1,0,0,0,0
"ACH-002043",1,0,0,0,0,0,0,0
"ACH-002045",1,0,0,0,0,0,0,0
"ACH-002051",1,0,0,0,0,0,0,0
"ACH-002052",1,0,0,0,0,0,0,0
"ACH-002058",1,0,0,0,0,0,0,0
"ACH-002059",0,0,0,0,0,0,0,0
"ACH-002062",0,0,0,0,0,0,0,0
"ACH-002067",1,0,0,0,0,0,0,0
"ACH-002077",1,0,0,0,0,0,0,0
"ACH-002089",1,0,0,0,0,0,0,0
"ACH-002090",1,0,0,0,0,0,0,0
"ACH-002091",1,0,0,0,1,0,0,0
"ACH-002092",0,0,0,0,0,0,0,0
"ACH-002093",1,0,0,0,0,0,0,0
"ACH-002094",0,0,0,0,0,0,0,0
"ACH-002095",1,0,0,0,0,0,0,0
"ACH-002096",0,0,1,0,0,0,0,0
"ACH-002097",0,0,0,1,0,0,0,0
"ACH-002098",0,0,1,0,0,0,0,0
"ACH-002099",1,0,0,0,0,0,0,0
"ACH-002100",1,0,0,0,0,0,0,0
"ACH-002101",1,0,0,0,0,0,0,0
"ACH-002102",0,1,0,0,0,0,0,0
"ACH-002103",1,0,0,0,0,0,0,0
"ACH-002104",1,0,0,0,0,0,0,0
"ACH-002105",0,0,0,0,0,1,0,0
"ACH-002106",1,0,0,0,0,0,0,0
"ACH-002107",1,0,0,0,0,0,0,0
"ACH-002108",1,0,0,0,0,0,0,0
"ACH-002109",1,0,0,0,0,0,0,0
"ACH-002110",1,0,0,0,0,0,0,0
"ACH-002111",1,0,0,0,0,0,0,0
"ACH-002112",1,0,0,0,0,0,0,0
"ACH-002113",1,0,0,0,0,0,0,0
"ACH-002114",1,0,0,0,0,0,0,0
"ACH-002115",1,0,0,0,0,0,0,0
"ACH-002116",1,0,0,0,0,0,0,0
"ACH-002117",1,0,0,0,0,1,0,0
"ACH-002118",1,0,0,0,0,0,0,0
"ACH-002119",0,0,0,0,0,0,0,0
"ACH-002120",0,0,0,1,0,0,0,0
"ACH-002121",0,0,1,0,0,0,0,0
"ACH-002122",1,0,0,0,0,0,0,0
"ACH-002123",0,0,0,0,0,0,0,0
"ACH-002124",0,0,0,0,0,0,0,0
"ACH-002125",0,0,0,0,0,0,0,0
"ACH-002126",0,0,0,0,0,0,0,0
"ACH-002127",1,0,0,0,0,0,0,0
"ACH-002128",0,0,0,0,0,0,0,0
"ACH-002129",1,0,0,0,0,0,0,0
"ACH-002130",0,0,0,0,0,0,0,0
"ACH-002131",0,0,0,0,0,0,0,0
"ACH-002132",1,0,0,0,0,0,0,0
"ACH-002133",1,0,0,0,0,0,0,0
"ACH-002134",1,0,0,0,0,0,0,0
"ACH-002135",0,0,0,0,0,0,0,0
"ACH-002136",0,0,0,0,0,0,0,0
"ACH-002139",0,0,0,0,0,0,0,0
"ACH-002140",0,1,1,0,0,0,0,0
"ACH-002141",1,0,0,0,0,0,0,0
"ACH-002142",1,0,0,0,0,0,0,0
"ACH-002143",1,0,1,0,0,0,0,0
"ACH-002144",0,0,0,0,0,0,0,0
"ACH-002145",1,0,0,0,0,0,0,0
"ACH-002146",1,0,0,0,0,0,0,0
"ACH-002147",0,0,1,0,0,0,0,0
"ACH-002148",0,0,1,0,0,1,0,0
"ACH-002149",0,0,0,0,0,0,0,0
"ACH-002150",0,0,0,0,0,0,0,0
"ACH-002151",0,0,0,0,0,0,0,0
"ACH-002152",0,0,0,1,0,0,0,0
"ACH-002153",0,0,0,1,0,0,0,0
"ACH-002154",1,0,0,0,0,0,0,0
"ACH-002155",0,0,0,0,0,0,0,0
"ACH-002156",1,0,0,0,0,0,0,0
"ACH-002157",1,0,0,0,0,0,0,0
"ACH-002159",1,0,1,0,0,0,0,0
"ACH-002160",0,0,0,0,0,0,0,0
"ACH-002161",1,0,0,0,1,0,0,0
"ACH-002162",0,0,1,0,0,0,0,0
"ACH-002163",0,0,0,0,0,0,0,0
"ACH-002164",1,1,0,0,0,0,0,0
"ACH-002165",0,0,0,1,0,0,0,0
"ACH-002166",0,0,1,0,0,0,0,0
"ACH-002167",0,0,0,0,0,0,0,0
"ACH-002168",1,0,0,0,0,0,0,0
"ACH-002169",1,0,0,0,0,1,0,0
"ACH-002170",1,0,0,0,0,0,0,0
"ACH-002171",1,0,0,0,0,0,0,0
"ACH-002173",1,0,0,0,0,0,0,0
"ACH-002174",1,0,0,0,0,0,0,0
"ACH-002175",1,0,0,0,0,0,0,0
"ACH-002176",1,0,0,0,0,0,0,0
"ACH-002177",1,0,0,0,0,0,0,0
"ACH-002178",0,0,0,0,0,0,0,0
"ACH-002179",1,0,0,0,0,1,0,0
"ACH-002180",0,0,0,0,0,1,0,0
"ACH-002181",1,0,0,0,0,0,0,0
"ACH-002182",0,0,0,0,0,0,0,0
"ACH-002183",0,0,0,0,0,1,0,0
"ACH-002184",1,0,0,0,0,0,0,0
"ACH-002185",1,0,0,0,0,0,0,0
"ACH-002186",1,1,0,0,0,0,0,0
"ACH-002187",0,0,0,0,0,0,0,0
"ACH-002188",1,0,0,0,0,0,0,0
"ACH-002189",1,0,0,0,0,0,0,0
"ACH-002190",0,0,0,0,0,0,0,0
"ACH-002191",0,0,0,0,0,0,0,0
"ACH-002192",0,0,0,0,0,0,0,0
"ACH-002193",1,0,0,0,0,0,0,0
"ACH-002194",1,0,0,0,0,0,0,0
"ACH-002195",1,0,0,0,0,0,0,0
"ACH-002196",1,0,0,0,0,0,0,0
"ACH-002197",0,0,0,0,0,0,0,0
"ACH-002198",1,0,0,0,0,0,0,0
"ACH-002199",1,0,0,0,0,0,0,0
"ACH-002200",1,0,0,0,0,0,0,0
"ACH-002201",0,0,0,0,0,0,0,0
"ACH-002202",1,0,0,0,0,0,0,0
"ACH-002205",1,0,1,0,0,0,0,0
"ACH-002206",0,0,1,0,0,0,0,0
"ACH-002207",0,0,1,0,0,0,0,0
"ACH-002208",0,1,0,0,0,0,0,0
"ACH-002209",1,0,0,0,0,0,0,0
"ACH-002210",1,0,0,0,0,0,0,0
"ACH-002211",1,0,0,0,0,0,0,0
"ACH-002212",1,0,0,0,0,0,0,0
"ACH-002213",0,0,0,0,0,0,0,0
"ACH-002214",0,0,0,0,0,0,0,0
"ACH-002215",0,0,0,0,0,0,1,0
"ACH-002216",1,0,0,0,0,0,0,0
"ACH-002217",1,0,0,0,0,0,0,0
"ACH-002218",0,0,0,0,0,0,0,0
"ACH-002220",0,0,0,0,0,0,0,0
"ACH-002221",0,0,0,0,0,0,0,0
"ACH-002222",0,0,0,0,0,0,0,0
"ACH-002223",0,0,0,0,0,0,0,0
"ACH-002224",0,0,0,0,0,0,0,0
"ACH-002225",1,0,0,0,0,0,0,0
"ACH-002226",1,0,0,0,0,0,0,0
"ACH-002227",0,0,0,0,0,0,0,0
"ACH-002228",1,0,0,0,0,0,0,0
"ACH-002229",0,0,0,0,0,0,0,0
"ACH-002230",1,0,0,0,0,0,0,0
"ACH-002231",1,0,0,0,0,0,0,0
"ACH-002232",1,0,0,0,0,0,0,0
"ACH-002233",1,0,0,0,0,0,0,0
"ACH-002234",1,0,0,0,0,0,0,0
"ACH-002235",1,0,0,0,0,0,0,1
"ACH-002236",1,0,0,0,0,0,0,0
"ACH-002237",1,0,0,0,0,0,0,0
"ACH-002238",1,0,0,0,0,0,0,0
"ACH-002239",1,0,0,0,0,0,0,0
"ACH-002240",1,0,0,1,0,0,0,0
"ACH-002241",0,0,0,1,0,0,0,0
"ACH-002242",0,0,0,0,0,0,0,0
"ACH-002243",1,0,0,0,0,0,0,0
"ACH-002244",1,0,0,0,0,0,0,0
"ACH-002245",0,0,0,0,0,0,0,0
"ACH-002246",1,1,0,0,0,0,0,0
"ACH-002247",0,0,0,1,0,0,0,0
"ACH-002248",0,0,0,0,0,0,0,0
"ACH-002249",1,0,0,0,0,0,0,0
"ACH-002250",1,0,0,0,0,0,0,0
"ACH-002251",1,0,0,0,0,1,0,0
"ACH-002252",1,0,0,0,0,0,0,0
"ACH-002253",0,0,0,1,0,0,0,0
"ACH-002254",0,0,0,0,0,0,0,0
"ACH-002255",1,0,0,0,0,0,0,0
"ACH-002256",1,0,0,0,0,0,0,0
"ACH-002257",1,0,0,0,0,0,0,0
"ACH-002258",1,0,1,1,0,0,0,0
"ACH-002259",0,0,0,0,0,0,1,0
"ACH-002260",1,0,0,0,0,0,0,0
"ACH-002261",1,0,0,0,0,0,0,0
"ACH-002262",1,0,0,1,0,0,0,0
"ACH-002263",1,0,0,0,0,0,0,0
"ACH-002264",1,0,0,0,0,0,0,0
"ACH-002265",1,0,0,0,0,0,0,0
"ACH-002266",1,0,0,0,0,0,0,0
"ACH-002267",0,0,0,0,0,0,0,0
"ACH-002268",1,0,0,0,0,0,1,0
"ACH-002269",0,0,0,0,0,0,0,0
"ACH-002270",0,0,0,0,0,0,0,0
"ACH-002271",0,0,0,1,0,0,0,0
"ACH-002272",1,0,0,0,0,0,0,0
"ACH-002273",0,1,0,0,0,0,0,0
"ACH-002274",1,0,0,0,0,0,0,0
"ACH-002275",0,0,0,0,0,0,0,0
"ACH-002276",0,0,0,0,0,0,0,0
"ACH-002277",1,0,0,0,0,0,0,0
"ACH-002278",0,0,0,0,0,0,0,0
"ACH-002279",0,0,0,0,0,0,0,0
"ACH-002280",1,0,0,0,0,0,0,0
"ACH-002281",1,0,0,0,0,0,0,0
"ACH-002282",0,0,0,0,0,0,0,0
"ACH-002283",0,0,0,0,0,0,0,0
"ACH-002284",1,0,0,0,0,0,0,0
"ACH-002285",1,0,0,0,0,0,0,0
"ACH-002286",1,0,0,0,0,0,0,0
"ACH-002287",1,0,0,0,1,0,0,0
"ACH-002288",0,0,0,0,0,0,0,0
"ACH-002289",1,0,0,0,0,0,0,0
"ACH-002290",0,0,0,0,0,0,0,0
"ACH-002291",0,0,0,0,0,0,0,0
"ACH-002292",1,0,0,0,0,0,0,0
"ACH-002293",1,0,0,0,0,0,0,0
"ACH-002294",1,0,0,0,0,0,0,0
"ACH-002295",1,0,0,0,0,0,0,0
"ACH-002296",1,0,0,0,0,0,0,0
"ACH-002297",1,0,0,0,0,0,0,0
"ACH-002298",1,0,0,0,0,0,0,0
"ACH-002299",0,0,0,0,0,0,0,0
"ACH-002300",1,0,0,0,0,0,0,0
"ACH-002301",0,0,0,0,0,0,0,0
"ACH-002302",0,0,0,0,0,0,0,0
"ACH-002304",1,0,0,0,0,0,0,0
"ACH-002305",1,0,0,0,0,0,0,0
"ACH-002306",0,0,0,0,0,0,0,0
"ACH-002307",1,0,0,0,0,0,0,0
"ACH-002308",1,0,0,0,0,0,0,0
"ACH-002309",1,0,0,0,0,0,0,0
"ACH-002310",1,0,1,0,0,0,0,0
"ACH-002311",1,0,0,0,0,0,0,0
"ACH-002312",1,0,0,0,0,0,0,0
"ACH-002313",1,0,0,0,0,0,0,0
"ACH-002314",1,0,0,0,0,0,0,0
"ACH-002315",0,0,0,0,0,0,0,0
"ACH-002316",1,1,0,0,0,0,0,0
"ACH-002317",0,0,0,0,0,0,0,0
"ACH-002336",0,0,0,0,0,0,0,0
"ACH-002337",0,1,0,0,0,1,0,0
"ACH-002338",0,0,1,0,0,0,0,0
"ACH-002339",0,0,0,0,0,0,0,0
"ACH-002340",1,0,0,0,0,0,0,0
"ACH-002341",1,0,0,0,0,0,0,0
"ACH-002342",0,0,0,0,0,0,0,0
"ACH-002345",1,0,0,0,0,0,0,0
"ACH-002346",0,0,0,0,0,0,0,0
"ACH-002347",0,0,0,0,0,0,0,0
"ACH-002348",0,0,0,0,0,1,0,0
"ACH-002349",1,0,0,0,0,0,0,0
"ACH-002350",0,0,0,0,0,0,0,0
"ACH-002351",0,0,0,0,0,0,0,0
"ACH-002352",0,0,0,0,0,0,0,0
"ACH-002353",0,0,0,0,0,0,0,0
"ACH-002354",0,0,0,0,0,0,0,0
"ACH-002355",0,0,0,0,0,0,0,0
"ACH-002356",0,0,0,0,0,0,0,0
"ACH-002357",0,0,0,0,0,0,0,0
"ACH-002358",0,0,0,0,0,0,0,0
"ACH-002359",0,0,0,0,0,0,0,0
"ACH-002360",0,0,0,0,0,0,0,0
"ACH-002361",0,0,0,0,0,0,0,0
"ACH-002362",0,0,0,0,0,0,0,0
"ACH-002363",0,0,1,0,0,0,0,0
"ACH-002364",0,0,0,0,0,0,0,0
"ACH-002365",0,0,0,0,0,0,0,0
"ACH-002366",0,0,0,0,0,0,0,0
"ACH-002367",0,0,0,0,0,0,0,0
"ACH-002368",0,0,0,0,0,0,0,0
"ACH-002369",0,0,0,0,0,0,0,0
"ACH-002370",0,0,0,0,0,0,0,0
"ACH-002371",0,0,0,0,0,0,0,0
"ACH-002372",0,0,0,0,0,0,0,0
"ACH-002373",0,0,0,0,0,0,0,0
"ACH-002376",0,0,0,0,0,0,0,0
"ACH-002377",0,0,0,0,0,0,0,0
"ACH-002378",0,0,0,0,0,0,0,0
"ACH-002380",0,0,0,0,0,0,0,0
"ACH-002381",0,0,0,0,0,0,0,0
"ACH-002383",0,0,0,0,0,0,0,0
"ACH-002384",0,0,0,0,0,0,0,0
"ACH-002386",0,0,1,0,0,0,0,0
"ACH-002387",0,0,1,0,0,0,0,0
"ACH-002388",0,0,0,1,1,0,0,0
"ACH-002389",1,0,1,0,0,0,0,0
"ACH-002390",0,0,0,0,0,0,0,0
"ACH-002391",0,0,0,0,0,0,0,0
"ACH-002392",1,0,0,0,0,0,0,0
"ACH-002393",0,0,0,0,0,0,0,0
"ACH-002394",0,1,0,0,0,0,0,0
"ACH-002395",1,0,0,0,0,0,0,0
"ACH-002396",1,0,0,0,0,0,0,0
"ACH-002397",0,0,0,1,0,0,0,0
